title,url,keep,status,page_type,official_context_type,summary,school_candidates,program_candidates,course_candidates,notes,source
Call WGU,tel:866.225.5948,,,,,,,,,,sitemap
Student Login,https://my.wgu.edu,,,,,,,,,,sitemap
All Degrees,https://www.wgu.edu/online-degree-programs.html,,,,,,,,,,sitemap
Explore Your Options,https://www.wgu.edu/quiz/program.html,,,,,,,,,,sitemap
View All Business Degrees,https://www.wgu.edu/online-business-degrees.html,,,,,,,,,,sitemap
Business Management – B.S.,https://www.wgu.edu/online-business-degrees/business-management-bachelors-program.html,,,,,,,,,,sitemap
Healthcare Administration – B.S.,https://www.wgu.edu/online-business-degrees/healthcare-administration-bachelors-program.html,,,,,,,,,,sitemap
Human Resource Management – B.S.,https://www.wgu.edu/online-business-degrees/human-resources-bachelors-program.html,,,,,,,,,,sitemap
Information Technology Management – B.S.,https://www.wgu.edu/online-business-degrees/it-information-technology-management-bachelors-program.html,,,,,,,,,,sitemap
Marketing – B.S.,https://www.wgu.edu/online-business-degrees/marketing-bachelors-program.html,,,,,,,,,,sitemap
Supply Chain and Operations Management – B.S.,https://www.wgu.edu/online-business-degrees/supply-chain-operations-management-bachelors-program.html,,,,,,,,,,sitemap
Communications – B.S.,https://www.wgu.edu/online-business-degrees/communications-bachelors-program.html,,,,,,,,,,sitemap
User Experience Design – B.S.,https://www.wgu.edu/online-business-degrees/user-experience-design-bachelors-program.html,,,,,,,,,,sitemap
Accounting – B.S.,https://www.wgu.edu/online-business-degrees/accounting-bachelors-program.html,,,,,,,,,,sitemap
Finance – B.S.,https://www.wgu.edu/online-business-degrees/finance-bachelors-program.html,,,,,,,,,,sitemap
Health Information Management – B.S. (from the Leavitt School of Health),https://www.wgu.edu/online-nursing-health-degrees/health-information-management-bachelors-program.html,,,,,,,,,,sitemap
View all Business Master's Degrees,https://www.wgu.edu/online-business-degrees/masters-programs.html,,,,,,,,,,sitemap
Master of Business Administration (MBA),https://www.wgu.edu/online-business-degrees/mba-masters-business-administration-program.html,,,,,,,,,,sitemap
MBA Information Technology Management,https://www.wgu.edu/online-business-degrees/mba-masters-business-administration-it-management-program.html,,,,,,,,,,sitemap
MBA Healthcare Administration,https://www.wgu.edu/online-business-degrees/mba-masters-business-administration-healthcare-administration-program.html,,,,,,,,,,sitemap
Management and Leadership – M.S.,https://www.wgu.edu/online-business-degrees/management-leadership-masters-program.html,,,,,,,,,,sitemap
Accounting – M.S.,https://www.wgu.edu/online-business-degrees/accounting-masters-program.html,,,,,,,,,,sitemap
Marketing – M.S.,https://www.wgu.edu/online-business-degrees/marketing-masters-program.html,,,,,,,,,,sitemap
Human Resource Management – M.S.,https://www.wgu.edu/online-business-degrees/human-resources-masters-program.html,,,,,,,,,,sitemap
Master of Healthcare Administration (from the Leavitt School of Health),https://www.wgu.edu/online-nursing-health-degrees/masters-healthcare-administration-leadership.html,,,,,,,,,,sitemap
Data Analytics – M.S. (from the School of Technology),https://www.wgu.edu/online-it-degrees/data-analytics-masters-program.html,,,,,,,,,,sitemap
Education Technology and Instructional Design – M.Ed. (from the School of Education),https://www.wgu.edu/online-teaching-degrees/education-technology-instructional-design-masters.html,,,,,,,,,,sitemap
Accounting Fundamentals,https://www.wgu.edu/online-business-degrees/certificates/accounting-fundamentals.html,,,,,,,,,,sitemap
B2B Sales Fundamentals,https://www.wgu.edu/online-business-degrees/certificates/b2b-sales-fundamentals.html,,,,,,,,,,sitemap
Business Leadership,https://www.wgu.edu/online-business-degrees/certificates/leadership.html,,,,,,,,,,sitemap
Digital Marketing Fundamentals,https://www.wgu.edu/online-business-degrees/certificates/digital-marketing-fundamentals.html,,,,,,,,,,sitemap
Management Skills for Supervisors,https://www.wgu.edu/online-business-degrees/certificates/management-skills-for-supervisors.html,,,,,,,,,,sitemap
Supply Chain Fundamentals,https://www.wgu.edu/online-business-degrees/certificates/supply-chain.html,,,,,,,,,,sitemap
Entrepreneurship Fundamentals,https://www.wgu.edu/online-business-degrees/certificates/entrepreneurship-fundamentals.html,,,,,,,,,,sitemap
Project Management,https://www.wgu.edu/online-business-degrees/certificates/project-management-certificate.html,,,,,,,,,,sitemap
Advanced Accounting Courses,https://www.wgu.edu/online-business-degrees/certificates/advanced-accounting-courses.html,,,,,,,,,,sitemap
View All Education Degrees,https://www.wgu.edu/online-teaching-degrees.html,,,,,,,,,,sitemap
View all Education Bachelor's Degrees,https://www.wgu.edu/online-teaching-degrees/education-bachelors-degrees.html,,,,,,,,,,sitemap
Elementary Education,https://www.wgu.edu/online-teaching-degrees/elementary-education-bachelors-program.html,,,,,,,,,,sitemap
Biology Education,https://www.wgu.edu/online-teaching-degrees/biology-education-bachelors-program.html,,,,,,,,,,sitemap
Mathematics Education,https://www.wgu.edu/online-teaching-degrees/mathematics-teacher-certification-secondary-bachelors-program.html,,,,,,,,,,sitemap
Physics Education,https://www.wgu.edu/online-teaching-degrees/physics-education-bachelors-program.html,,,,,,,,,,sitemap
Earth Science Education,https://www.wgu.edu/online-teaching-degrees/earthscience-education-bachelors-program.html,,,,,,,,,,sitemap
Chemistry Education,https://www.wgu.edu/online-teaching-degrees/chemistry-education-bachelors-program.html,,,,,,,,,,sitemap
Special Education,https://www.wgu.edu/online-teaching-degrees/special-education-bachelors-program.html,,,,,,,,,,sitemap
Special Ed and Elementary Ed (Dual Licensure) – B.A.,https://www.wgu.edu/online-teaching-degrees/special-education-bachelors-program/dual-elementary-special-education.html,,,,,,,,,,sitemap
Educational Studies – B.A. (Does Not Lead to a Teaching License),https://www.wgu.edu/online-teaching-degrees/educational-studies-bachelors-program.html,,,,,,,,,,sitemap
View All Education Master's Degrees,https://www.wgu.edu/online-teaching-degrees/education-masters-programs.html,,,,,,,,,,sitemap
English Language Learning,https://www.wgu.edu/online-teaching-degrees/ell-esl-english-language-learning-education-masters-program.html,,,,,,,,,,sitemap
Social Studies Education,https://www.wgu.edu/online-teaching-degrees/social-studies-masters-program.html,,,,,,,,,,sitemap
Science Education,https://www.wgu.edu/online-teaching-degrees/science-education-masters-program.html,,,,,,,,,,sitemap
Chemistry Education,https://www.wgu.edu/online-teaching-degrees/chemistry-education-masters-program.html,,,,,,,,,,sitemap
Physics Education,https://www.wgu.edu/online-teaching-degrees/physics-education-masters-program.html,,,,,,,,,,sitemap
Biology Education,https://www.wgu.edu/online-teaching-degrees/biology-education-masters-program.html,,,,,,,,,,sitemap
Earth Science Education,https://www.wgu.edu/online-teaching-degrees/earth-science-education-masters-program.html,,,,,,,,,,sitemap
Elementary Education,https://www.wgu.edu/online-teaching-degrees/elementary-education-masters-program.html,,,,,,,,,,sitemap
English Education,https://www.wgu.edu/online-teaching-degrees/english-education-masters-program.html,,,,,,,,,,sitemap
Special Education,https://www.wgu.edu/online-teaching-degrees/special-education-masters-program.html,,,,,,,,,,sitemap
Mathematics Education,https://www.wgu.edu/online-teaching-degrees/mathematics-education-masters-program.html,,,,,,,,,,sitemap
Curriculum and Instruction – M.S.,https://www.wgu.edu/online-teaching-degrees/curriculum-instruction-education-masters-program.html,,,,,,,,,,sitemap
Educational Leadership – M.S.,https://www.wgu.edu/online-teaching-degrees/educational-leadership-masters-program.html,,,,,,,,,,sitemap
View All Education Endorsement Programs,https://www.wgu.edu/online-teaching-degrees/endorsements.html,,,,,,,,,,sitemap
English Language Learning,https://www.wgu.edu/online-teaching-degrees/endorsements/ell-esl-english-language-learning.html,,,,,,,,,,sitemap
Middle Grades Math,https://www.wgu.edu/online-teaching-degrees/endorsements/middle-grades-math.html,,,,,,,,,,sitemap
Middle Grades Science,https://www.wgu.edu/online-teaching-degrees/endorsements/middle-grades-science.html,,,,,,,,,,sitemap
Secondary Biology,https://www.wgu.edu/online-teaching-degrees/endorsements/secondary-biology.html,,,,,,,,,,sitemap
Secondary Chemistry,https://www.wgu.edu/online-teaching-degrees/endorsements/secondary-chemistry.html,,,,,,,,,,sitemap
Secondary Physics,https://www.wgu.edu/online-teaching-degrees/endorsements/secondary-physics.html,,,,,,,,,,sitemap
Secondary Earth Science,https://www.wgu.edu/online-teaching-degrees/endorsements/secondary-earth-science.html,,,,,,,,,,sitemap
"Bachelor of Arts, Elementary Education",https://www.wgu.edu/online-teaching-degrees/elementary-education-bachelors-program/ba.html,,,,,,,,,,sitemap
"Bachelor of Arts, Special Education, Mild to Moderate",https://www.wgu.edu/online-teaching-degrees/special-education-bachelors-program/mild-moderate.html,,,,,,,,,,sitemap
"Master of Arts in Teaching, Mathematics Education (Secondary)",https://www.wgu.edu/online-teaching-degrees/mathematics-education-masters-program/mat.html,,,,,,,,,,sitemap
"Master of Arts in Teaching, Science Education (Secondary Biology)",https://www.wgu.edu/online-teaching-degrees/biology-education-masters-program/mat.html,,,,,,,,,,sitemap
"Master of Arts in Teaching, Science Education (Secondary Chemistry)",https://www.wgu.edu/online-teaching-degrees/chemistry-education-masters-program/mat.html,,,,,,,,,,sitemap
"Master of Arts in Teaching, Science Education (Secondary Earth Science)",https://www.wgu.edu/online-teaching-degrees/earth-science-education-masters-program/mat.html,,,,,,,,,,sitemap
"Master of Arts in Teaching, Science Education (Secondary Physics)",https://www.wgu.edu/online-teaching-degrees/physics-education-masters-program/mat.html,,,,,,,,,,sitemap
Student Teaching,https://www.wgu.edu/admissions/student-teaching.html,,,,,,,,,,sitemap
Teaching License/Certification,https://www.wgu.edu/online-teaching-degrees/teaching-license-certification.html,,,,,,,,,,sitemap
State Licensure Information,https://www.wgu.edu/online-teaching-degrees/state-licensure.html,,,,,,,,,,sitemap
View All Technology Degrees,https://www.wgu.edu/online-it-degrees.html,,,,,,,,,,sitemap
View all Technology Bachelor's Degrees,https://www.wgu.edu/online-it-degrees/bachelors-programs.html,,,,,,,,,,sitemap
Cloud and Network Engineering,https://www.wgu.edu/online-it-degrees/cloud-computing-bachelors-program.html,,,,,,,,,,sitemap
Computer Science,https://www.wgu.edu/online-it-degrees/computer-science.html,,,,,,,,,,sitemap
Cybersecurity and Information Assurance,https://www.wgu.edu/online-it-degrees/cybersecurity-information-assurance-bachelors-program.html,,,,,,,,,,sitemap
Data Analytics,https://www.wgu.edu/online-it-degrees/data-analytics-bachelors-program.html,,,,,,,,,,sitemap
Information Technology,https://www.wgu.edu/online-it-degrees/information-technology-bachelors-program.html,,,,,,,,,,sitemap
Software Engineering,https://www.wgu.edu/online-it-degrees/software-engineering-bachelors-program.html,,,,,,,,,,sitemap
View all Technology Master's Degrees,https://www.wgu.edu/online-it-degrees/masters-programs.html,,,,,,,,,,sitemap
Cybersecurity and Information Assurance,https://www.wgu.edu/online-it-degrees/cybersecurity-information-assurance-masters-program.html,,,,,,,,,,sitemap
Information Technology,https://www.wgu.edu/online-it-degrees/information-technology-management-masters-program.html,,,,,,,,,,sitemap
Information Technology Product Management,https://www.wgu.edu/online-it-degrees/information-technology-masters-program/product-management.html,,,,,,,,,,sitemap
Computer Science,https://www.wgu.edu/online-it-degrees/computer-science-masters-program.html,,,,,,,,,,sitemap
Software Engineering,https://www.wgu.edu/online-it-degrees/software-engineering-masters-program.html,,,,,,,,,,sitemap
AI Skills Fundamentals,https://www.wgu.edu/online-it-degrees/certificates/ai-skills-fundamentals.html,,,,,,,,,,sitemap
Business Intelligence,https://www.wgu.edu/online-it-degrees/certificates/business-intelligence.html,,,,,,,,,,sitemap
Data Analytics Skills,https://www.wgu.edu/online-it-degrees/certificates/data-analytics.html,,,,,,,,,,sitemap
Data Engineering Professional,https://www.wgu.edu/online-it-degrees/certificates/data-engineering-professional.html,,,,,,,,,,sitemap
Front End Web Developer,https://www.wgu.edu/online-it-degrees/certificates/front-end-web-developer.html,,,,,,,,,,sitemap
Java Developer,https://www.wgu.edu/online-it-degrees/certificates/java-developer.html,,,,,,,,,,sitemap
ServiceNow Application Developer,https://www.wgu.edu/online-it-degrees/certificates/service-now-application-developer.html,,,,,,,,,,sitemap
IT Certifications Included in WGU Degrees,https://www.wgu.edu/online-it-degrees/it-certifications.html,,,,,,,,,,sitemap
Information Technology,https://www.wgu.edu/online-it-degrees/information-technology-bachelors-program/accelerated.html,,,,,,,,,,sitemap
Software Engineering,https://www.wgu.edu/online-it-degrees/software-engineering-bachelors-program/accelerated.html,,,,,,,,,,sitemap
Computer Science,https://www.wgu.edu/online-it-degrees/computer-science/accelerated.html,,,,,,,,,,sitemap
View All Health & Nursing Degrees,https://www.wgu.edu/online-nursing-health-degrees.html,,,,,,,,,,sitemap
View all Health & Nursing Bachelor's Degrees,https://www.wgu.edu/online-nursing-health-degrees/bachelors-programs.html,,,,,,,,,,sitemap
Nursing (RN-to-BSN online) – B.S.,https://www.wgu.edu/online-nursing-health-degrees/rn-to-bsn-nursing-bachelors-program.html,,,,,,,,,,sitemap
Nursing (Prelicensure) – B.S. (Available in select states),https://www.wgu.edu/online-nursing-health-degrees/rn-prelicensure-nursing-bachelors-program.html,,,,,,,,,,sitemap
Health and Human Services – B.S.,https://www.wgu.edu/online-nursing-health-degrees/health-human-services.html,,,,,,,,,,sitemap
Psychology – B.S.,https://www.wgu.edu/online-nursing-health-degrees/psychology-bachelors-program.html,,,,,,,,,,sitemap
Health Science – B.S.,https://www.wgu.edu/online-nursing-health-degrees/health-science-bachelors-program.html,,,,,,,,,,sitemap
Public Health – B.S.,https://www.wgu.edu/online-nursing-health-degrees/public-health-bachelors-program.html,,,,,,,,,,sitemap
View all Nursing & Health Master's Degrees,https://www.wgu.edu/online-nursing-health-degrees/masters-programs.html,,,,,,,,,,sitemap
Nursing – Education (BSN-to-MSN Program) – M.S.,https://www.wgu.edu/online-nursing-health-degrees/bsn-to-msn-nursing-education-masters-program.html,,,,,,,,,,sitemap
Nursing – Leadership and Management (BSN-to-MSN Program) – M.S.,https://www.wgu.edu/online-nursing-health-degrees/bsn-to-msn-nursing-leadership-management-masters-program.html,,,,,,,,,,sitemap
Nursing – Nursing Informatics (BSN-to-MSN Program) – M.S.,https://www.wgu.edu/online-nursing-health-degrees/nursing-informatics-bsn-to-msn-masters-program.html,,,,,,,,,,sitemap
Nursing – Family Nurse Practitioner (BSN-to-MSN Program) – M.S. (Available in select states),https://www.wgu.edu/online-nursing-health-degrees/family-nurse-practitioner-masters.html,,,,,,,,,,sitemap
Nursing – Psychiatric Mental Health Nurse Practitioner (BSN-to-MSN Program) – M.S. (Available in select states),https://www.wgu.edu/online-nursing-health-degrees/psychiatric-mental-health-nurse-practitioner-masters-program.html,,,,,,,,,,sitemap
Nursing – Education (RN-to-MSN Program) – M.S.,https://www.wgu.edu/online-nursing-health-degrees/nursing-education-rn-to-msn-masters-program.html,,,,,,,,,,sitemap
Nursing – Leadership and Management (RN-to-MSN Program) – M.S.,https://www.wgu.edu/online-nursing-health-degrees/rn-to-msn-nursing-leadership-management-masters-program.html,,,,,,,,,,sitemap
Nursing – Nursing Informatics (RN-to-MSN Program) – M.S.,https://www.wgu.edu/online-nursing-health-degrees/nursing-informatics-rn-to-msn-masters-program.html,,,,,,,,,,sitemap
Master of Public Health,https://www.wgu.edu/online-nursing-health-degrees/public-health-masters-program.html,,,,,,,,,,sitemap
State Licensure Information,https://www.wgu.edu/online-nursing-health-degrees/state-licensure.html,,,,,,,,,,sitemap
Nursing Leadership,https://www.wgu.edu/online-nursing-health-degrees/certificates/nursing-leadership.html,,,,,,,,,,sitemap
Nursing Education—Post-Master's Certificate,https://www.wgu.edu/online-nursing-health-degrees/post-masters-nursing-certificate/education.html,,,,,,,,,,sitemap
Nursing Leadership and Management—Post-Master's Certificate,https://www.wgu.edu/online-nursing-health-degrees/post-masters-nursing-certificate/leadership-management.html,,,,,,,,,,sitemap
Family Nurse Practitioner—Post-Master's Certificate,https://www.wgu.edu/online-nursing-health-degrees/post-masters-nursing-certificate/family-nurse-practitioner.html,,,,,,,,,,sitemap
Psychiatric Mental Health Nurse Practitioner —Post-Master's Certificate,https://www.wgu.edu/online-nursing-health-degrees/post-masters-nursing-certificate/psychiatric-mental-health-nurse-practitioner.html,,,,,,,,,,sitemap
All Certificate Programs,https://www.wgu.edu/online-degree-programs/certificates.html,,,,,,,,,,sitemap
Single Courses,https://www.wgu.edu/admissions/personalized-start/courses.html,,,,,,,,,,sitemap
Who We Are,https://www.wgu.edu/about.html,,,,,,,,,,sitemap
Annual Report,https://www.wgu.edu/about/annual-report.html,,,,,,,,,,sitemap
Institutional Catalog,https://www.wgu.edu/about/institutional-catalog.html,,,,,,,,,,sitemap
How We Compare,https://www.wgu.edu/about/measuring-impact/peer-comparison.html,,,,,,,,,,sitemap
WGU Entities,https://www.wgu.edu/about/entities.html,,,,,,,,,,sitemap
WGU Academy,https://www.wgu.edu/about/governance/academy.html,,,,,,,,,,sitemap
WGU Labs,https://www.wgu.edu/about/governance/labs.html,,,,,,,,,,sitemap
Craft Education,https://www.wgu.edu/about/governance/craft-education.html,,,,,,,,,,sitemap
Retention and Graduation Rates,https://www.wgu.edu/about/measuring-impact/retention-graduation-rates.html,,,,,,,,,,sitemap
Board of Trustees,https://www.wgu.edu/about/governance.html,,,,,,,,,,sitemap
Office of the President,https://www.wgu.edu/about/governance/president.html,,,,,,,,,,sitemap
WGU and States,https://www.wgu.edu/about/governance/states.html,,,,,,,,,,sitemap
Federal Policy Initiatives,https://www.wgu.edu/about/measuring-impact/policy-priorities.html,,,,,,,,,,sitemap
Chief Academic Officer,https://www.wgu.edu/about/governance/academics.html,,,,,,,,,,sitemap
School of Business,https://www.wgu.edu/about/governance/business.html,,,,,,,,,,sitemap
School of Education,https://www.wgu.edu/about/governance/education.html,,,,,,,,,,sitemap
School of Technology,https://www.wgu.edu/about/governance/it.html,,,,,,,,,,sitemap
Leavitt School of Health,https://www.wgu.edu/about/governance/health.html,,,,,,,,,,sitemap
Partnerships,https://www.wgu.edu/partnerships.html,,,,,,,,,,sitemap
Giving,https://www.wgu.edu/advancement.html,,,,,,,,,,sitemap
Newsroom,https://www.wgu.edu/newsroom.html,,,,,,,,,,sitemap
Expert Center,https://www.wgu.edu/newsroom/expert-center.html,,,,,,,,,,sitemap
Impact Blog,https://www.wgu.edu/blog/impact.html,,,,,,,,,,sitemap
Careers at WGU,https://www.wgu.edu/about/careers.html,,,,,,,,,,sitemap
Locations,https://www.wgu.edu/about/careers/locations.html,,,,,,,,,,sitemap
Benefits,https://www.wgu.edu/about/careers/benefits.html,,,,,,,,,,sitemap
Teams,https://www.wgu.edu/about/careers/teams.html,,,,,,,,,,sitemap
Culture,https://www.wgu.edu/about/careers/culture.html,,,,,,,,,,sitemap
Hear from Employees,https://www.wgu.edu/about/careers/culture/voices.html,,,,,,,,,,sitemap
Careers Blog,https://www.wgu.edu/about/careers/blog.html,,,,,,,,,,sitemap
Tuition and Fees,https://www.wgu.edu/financial-aid-tuition.html,,,,,,,,,,sitemap
Tuition—School of Business,https://www.wgu.edu/financial-aid-tuition/tuition-business-degrees.html,,,,,,,,,,sitemap
Tuition—School of Education,https://www.wgu.edu/financial-aid-tuition/tuition-teaching-education-degrees.html,,,,,,,,,,sitemap
Tuition—School of Technology,https://www.wgu.edu/financial-aid-tuition/tuition-it-degrees.html,,,,,,,,,,sitemap
Tuition—Leavitt School of Health,https://www.wgu.edu/financial-aid-tuition/tuition-nursing-health-degrees.html,,,,,,,,,,sitemap
Your Financial Obligations,https://www.wgu.edu/financial-aid-tuition/financial-aid/obligations.html,,,,,,,,,,sitemap
Tuition Comparison,https://www.wgu.edu/financial-aid-tuition/tuition-comparison.html,,,,,,,,,,sitemap
Financial Aid,https://www.wgu.edu/financial-aid-tuition/financial-aid.html,,,,,,,,,,sitemap
Applying for Financial Aid,https://www.wgu.edu/financial-aid-tuition/financial-aid/apply.html,,,,,,,,,,sitemap
State Grants,https://www.wgu.edu/financial-aid-tuition/financial-aid/state-grants.html,,,,,,,,,,sitemap
Consumer Information Guide,https://www.wgu.edu/financial-aid-tuition/financial-aid/consumer-information.html,,,,,,,,,,sitemap
Responsible Borrowing Initiative,https://www.wgu.edu/financial-aid-tuition/financial-aid/responsible-borrowing-initiative.html,,,,,,,,,,sitemap
Higher Education Relief Fund,https://www.wgu.edu/financial-aid-tuition/financial-aid/higher-ed-relief-fund.html,,,,,,,,,,sitemap
FAFSA Help,https://www.wgu.edu/financial-aid-tuition/fafsa-help.html,,,,,,,,,,sitemap
Net Price Calculator,https://www.wgu.edu/financial-aid-tuition/net-price-calculator.html,,,,,,,,,,sitemap
FAFSA Simplification,https://www.wgu.edu/financial-aid-tuition/financial-aid/fafsa-simplification.html,,,,,,,,,,sitemap
See All Scholarships,https://www.wgu.edu/financial-aid-tuition/scholarships.html,,,,,,,,,,sitemap
Military Scholarships,https://www.wgu.edu/financial-aid-tuition/scholarships/military-veterans.html,,,,,,,,,,sitemap
Scholarship FAQs,https://www.wgu.edu/financial-aid-tuition/scholarships/faqs.html,,,,,,,,,,sitemap
Payment Plans,https://www.wgu.edu/financial-aid-tuition/payment-plans.html,,,,,,,,,,sitemap
Corporate Reimbursement,https://www.wgu.edu/financial-aid-tuition/corporate-reimbursement.html,,,,,,,,,,sitemap
Current Student Hardship Assistance,https://www.wgu.edu/financial-aid-tuition/current-student-hardship-assistance.html,,,,,,,,,,sitemap
Military Tuition Assistance,https://www.wgu.edu/student-experience/military/tuition-assistance.html,,,,,,,,,,sitemap
WGU Returning Graduates,https://www.wgu.edu/alumni/stay-involved/continuing-grad.html,,,,,,,,,,sitemap
WGU Readmission,https://www.wgu.edu/admissions/restart.html,,,,,,,,,,sitemap
Enrollment Checklist,https://www.wgu.edu/admissions/enrollment.html,,,,,,,,,,sitemap
Accessibility,https://www.wgu.edu/admissions/accessibility.html,,,,,,,,,,sitemap
Accommodation Request,https://www.wgu.edu/admissions/ada-form.html,,,,,,,,,,sitemap
School of Education Admission Requirements,https://www.wgu.edu/admissions/teaching-requirements.html,,,,,,,,,,sitemap
School of Business Admission Requirements,https://www.wgu.edu/admissions/business-requirements.html,,,,,,,,,,sitemap
School of Technology Admission Requirements,https://www.wgu.edu/admissions/it-requirements.html,,,,,,,,,,sitemap
Leavitt School of Health Admission Requirements,https://www.wgu.edu/admissions/nursing-health-requirements.html,,,,,,,,,,sitemap
Computer Requirements,https://www.wgu.edu/admissions/computer-requirements.html,,,,,,,,,,sitemap
No Standardized Testing,https://www.wgu.edu/admissions/no-standardized-testing.html,,,,,,,,,,sitemap
Health and Nursing Clinical Information,https://www.wgu.edu/admissions/clinicals.html,,,,,,,,,,sitemap
FAQs about Transferring,https://www.wgu.edu/admissions/transfers.html,,,,,,,,,,sitemap
Transfer to WGU,https://www.wgu.edu/admissions/transfers/transfer-to-wgu.html,,,,,,,,,,sitemap
Transferrable Certifications,https://www.wgu.edu/admissions/transfers/wgu-transcript-request/transferable-certifications.html,,,,,,,,,,sitemap
Request WGU Transcripts,https://www.wgu.edu/admissions/transfers/wgu-transcript-request.html,,,,,,,,,,sitemap
International Transfer Credit,https://www.wgu.edu/admissions/international-transfer-credit.html,,,,,,,,,,sitemap
Military and Veterans,https://www.wgu.edu/student-experience/military.html,,,,,,,,,,sitemap
WGU Alumni,https://www.wgu.edu/alumni.html,,,,,,,,,,sitemap
Commencement,https://www.wgu.edu/alumni/commencement.html,,,,,,,,,,sitemap
Achievement Wallet,https://www.wgu.edu/achievement-wallet.html,,,,,,,,,,sitemap
Shop at the WGU Store,https://www.wgu.edu/lp/programs/wgu-store.html,,,,,,,,,,sitemap
Bachelor's Degrees and Programs,https://www.wgu.edu/online-degree-programs/bachelors.html,,,,,,,,,,sitemap
Master's Degrees and Programs,https://www.wgu.edu/online-degree-programs/masters.html,,,,,,,,,,sitemap
Sigma Gamma Rho,https://www.wgu.edu/financial-aid-tuition/scholarships/partner/sigma-gamma-rho.html,,,,,,,,,,sitemap
Study.com Scholarship,https://www.wgu.edu/financial-aid-tuition/scholarships/partner/study-com.html,,,,,,,,,,sitemap
Jefferson Foundation Nursing and Health Programs,https://www.wgu.edu/financial-aid-tuition/scholarships/partner/jefferson-foundation-nursing-health.html,,,,,,,,,,sitemap
K-12 Partners Scholarship,https://www.wgu.edu/financial-aid-tuition/scholarships/partner/k12-partners.html,,,,,,,,,,sitemap
WGU Utah Partnership Scholarship,https://www.wgu.edu/financial-aid-tuition/scholarships/partner/utah-partnership.html,,,,,,,,,,sitemap
WGU Divine 9 Scholarship,https://www.wgu.edu/financial-aid-tuition/scholarships/partner/divine-9.html,,,,,,,,,,sitemap
Community Outreach Partner Scholarship,https://www.wgu.edu/financial-aid-tuition/scholarships/partner/community-outreach-partners.html,,,,,,,,,,sitemap
California EOP&S Scholarship,https://www.wgu.edu/financial-aid-tuition/scholarships/partner/california-eops.html,,,,,,,,,,sitemap
WGU Community College Partner Scholarship,https://www.wgu.edu/financial-aid-tuition/scholarships/partner/community-college-partner.html,,,,,,,,,,sitemap
WGU Institutional Partners Fund,https://www.wgu.edu/financial-aid-tuition/scholarships/partner/institutional-partner-fund.html,,,,,,,,,,sitemap
WGU Phi Theta Kappa Scholarship,https://www.wgu.edu/financial-aid-tuition/scholarships/partner/phi-theta-kappa.html,,,,,,,,,,sitemap
WGU Idaho Partnership Scholarship,https://www.wgu.edu/financial-aid-tuition/scholarships/partner/idaho-partnership.html,,,,,,,,,,sitemap
WGU Montana Workforce Scholarship,https://www.wgu.edu/financial-aid-tuition/scholarships/partner/montana-partnership.html,,,,,,,,,,sitemap
Hillsborough Pathways to Teaching Scholarship,https://www.wgu.edu/financial-aid-tuition/scholarships/partner/hillsborough-pathways-teaching.html,,,,,,,,,,sitemap
Jetblue Scholars Fund,https://www.wgu.edu/financial-aid-tuition/scholarships/partner/jetblue.html,,,,,,,,,,sitemap
Healthcare Partners Fund,https://www.wgu.edu/financial-aid-tuition/scholarships/partner/healthcare-partners-fund.html,,,,,,,,,,sitemap
Televerde Scholarship,https://www.wgu.edu/financial-aid-tuition/scholarships/partner/televerde.html,,,,,,,,,,sitemap
Western Association of Food Chains Scholarship,https://www.wgu.edu/financial-aid-tuition/scholarships/partner/western-association-of-food-chains.html,,,,,,,,,,sitemap
SHRM Scholarship,https://www.wgu.edu/financial-aid-tuition/scholarships/partner/shrm.html,,,,,,,,,,sitemap
Red Cross Scholarship,https://www.wgu.edu/financial-aid-tuition/scholarships/partner/red-cross-partner.html,,,,,,,,,,sitemap
Prospanica Education Grant,https://www.wgu.edu/financial-aid-tuition/scholarships/partner/prospanica.html,,,,,,,,,,sitemap
PerkSpot Scholarship,https://www.wgu.edu/financial-aid-tuition/scholarships/partner/perkspot.html,,,,,,,,,,sitemap
Morris Brown Graduate Scholarship,https://www.wgu.edu/financial-aid-tuition/scholarships/partner/morris-brown.html,,,,,,,,,,sitemap
My Cook Pathway Employee Scholarship,https://www.wgu.edu/financial-aid-tuition/scholarships/partner/my-cook-pathway.html,,,,,,,,,,sitemap
NYC Health + Hospitals Healthcare Heroes Scholarship,https://www.wgu.edu/financial-aid-tuition/scholarships/partner/nyc-health-hospitals.html,,,,,,,,,,sitemap
City of New York Police Department Scholarship,https://www.wgu.edu/financial-aid-tuition/scholarships/partner/nypd.html,,,,,,,,,,sitemap
Pathway to Become a Teacher Scholarship,https://www.wgu.edu/financial-aid-tuition/scholarships/partner/pathway-become-teacher.html,,,,,,,,,,sitemap
WGU Partner Connect Scholarship,https://www.wgu.edu/financial-aid-tuition/scholarships/partner/partner-connect.html,,,,,,,,,,sitemap
Pasco Pathways to Teaching Scholarship,https://www.wgu.edu/financial-aid-tuition/scholarships/partner/pasco-pathways-teaching.html,,,,,,,,,,sitemap
Pathway to WGU Scholarship,https://www.wgu.edu/financial-aid-tuition/scholarships/partner/byu-pw.html,,,,,,,,,,sitemap
WGU Collaborative Agreement Scholarship,https://www.wgu.edu/financial-aid-tuition/scholarships/partner/collaborative-agreement.html,,,,,,,,,,sitemap
AmeriCorps Scholarship,https://www.wgu.edu/financial-aid-tuition/scholarships/partner/americorps.html,,,,,,,,,,sitemap
WGU–ANPD Excellence in Nursing Education Scholarship,https://www.wgu.edu/financial-aid-tuition/scholarships/partner/anpd-excellence-in-nursing-education.html,,,,,,,,,,sitemap
Nebraska Partnership Scholarship,https://www.wgu.edu/financial-aid-tuition/scholarships/partner/nebraska-partnership.html,,,,,,,,,,sitemap
Arrow Stage Lines Scholarship Fund,https://www.wgu.edu/financial-aid-tuition/scholarships/partner/arrow-stage-lines.html,,,,,,,,,,sitemap
Pathway to Teaching Scholarship,https://www.wgu.edu/financial-aid-tuition/scholarships/partner/ta-teacher.html,,,,,,,,,,sitemap
Rivera-Luna Scholarship,https://www.wgu.edu/financial-aid-tuition/scholarships/partner/rivera-luna.html,,,,,,,,,,sitemap
Advancement Scholarship,https://www.wgu.edu/financial-aid-tuition/scholarships/partner/advancement.html,,,,,,,,,,sitemap
Ibarra Foundation Scholarship,https://www.wgu.edu/financial-aid-tuition/scholarships/partner/ibarra-foundation.html,,,,,,,,,,sitemap
Sentara Scholarship,https://www.wgu.edu/financial-aid-tuition/scholarships/partner/sentara.html,,,,,,,,,,sitemap
NSLS Scholarship,https://www.wgu.edu/financial-aid-tuition/scholarships/partner/nsls.html,,,,,,,,,,sitemap
Eastern Gateway Community College,https://www.wgu.edu/financial-aid-tuition/scholarships/partner/egcc.html,,,,,,,,,,sitemap
Union Plus Scholarship,https://www.wgu.edu/financial-aid-tuition/scholarships/partner/union-plus.html,,,,,,,,,,sitemap
CCBA Next Step Scholarship,https://www.wgu.edu/financial-aid-tuition/scholarships/partner/ccba-next-step-scholarship.html,,,,,,,,,,sitemap
Gianforte Scholarship,https://www.wgu.edu/financial-aid-tuition/scholarships/partner/gianforte.html,,,,,,,,,,sitemap
WGU 25th Anniversary Next Generation Scholarship,https://www.wgu.edu/financial-aid-tuition/scholarships/general/25th-anniversary-next-generation.html,,,,,,,,,,sitemap
Administrative Professionals Scholarship,https://www.wgu.edu/financial-aid-tuition/scholarships/general/admin-professionals.html,,,,,,,,,,sitemap
AI Edge Scholarship,https://www.wgu.edu/financial-aid-tuition/scholarships/general/ai-edge-scholarship.html,,,,,,,,,,sitemap
Back to School Scholarship,https://www.wgu.edu/financial-aid-tuition/scholarships/general/back-to-school.html,,,,,,,,,,sitemap
Become a Teacher,https://www.wgu.edu/financial-aid-tuition/scholarships/general/become-a-teacher.html,,,,,,,,,,sitemap
Beyond the Bedside Grant,https://www.wgu.edu/financial-aid-tuition/scholarships/general/beyond-the-bedside.html,,,,,,,,,,sitemap
Changing Lives Through Healthcare,https://www.wgu.edu/financial-aid-tuition/scholarships/general/changing-lives-healthcare.html,,,,,,,,,,sitemap
Careers in Learning Scholarship,https://www.wgu.edu/financial-aid-tuition/scholarships/general/careers-in-learning.html,,,,,,,,,,sitemap
WGU Celebrates IT Scholarship,https://www.wgu.edu/financial-aid-tuition/scholarships/general/wgu-celebrates-it-scholarship.html,,,,,,,,,,sitemap
WGU Celebrates Nurses Scholarship,https://www.wgu.edu/financial-aid-tuition/scholarships/general/nurse-appreciation.html,,,,,,,,,,sitemap
DaVita Nursing Start Early,https://www.wgu.edu/financial-aid-tuition/scholarships/general/davita.html,,,,,,,,,,sitemap
DaVita Prelicensure Nursing Clinical Support,https://www.wgu.edu/financial-aid-tuition/scholarships/general/davita-prelicensure-nursing-clinical-support.html,,,,,,,,,,sitemap
DaVita Nursing Clinical Support Scholarship,https://www.wgu.edu/financial-aid-tuition/scholarships/general/davita-nursing-clinical-support-scholarship.html,,,,,,,,,,sitemap
Distinguished Alumni Scholarship,https://www.wgu.edu/financial-aid-tuition/scholarships/general/distinguished-alumni.html,,,,,,,,,,sitemap
Dr. Julie Aiken Hansen Scholarship Fund,https://www.wgu.edu/financial-aid-tuition/scholarships/general/aiken-hansen.html,,,,,,,,,,sitemap
Education Support Professionals Scholarship,https://www.wgu.edu/financial-aid-tuition/scholarships/general/education-support-professionals.html,,,,,,,,,,sitemap
Empowering Midwestern Communities,https://www.wgu.edu/financial-aid-tuition/scholarships/general/empowering-midwestern-communities.html,,,,,,,,,,sitemap
Excellence in Health Information Management Scholarship,https://www.wgu.edu/financial-aid-tuition/scholarships/general/excellence-in-health-information-management.html,,,,,,,,,,sitemap
First Responders Scholarship,https://www.wgu.edu/financial-aid-tuition/scholarships/general/first-responder.html,,,,,,,,,,sitemap
Finish Line Scholarship,https://www.wgu.edu/financial-aid-tuition/scholarships/general/finish-line-scholarship.html,,,,,,,,,,sitemap
Finish Strong Scholarship,https://www.wgu.edu/financial-aid-tuition/scholarships/general/finish-strong.html,,,,,,,,,,sitemap
Future of Nursing Scholarship,https://www.wgu.edu/financial-aid-tuition/scholarships/general/future-nursing-prelicensure.html,,,,,,,,,,sitemap
Heartbeat of Healthcare RN-BSN Scholarship,https://www.wgu.edu/financial-aid-tuition/scholarships/general/heartbeat-of-healthcare-rn-bsn-scholarship.html,,,,,,,,,,sitemap
WGU Leadership Scholarship,https://www.wgu.edu/financial-aid-tuition/scholarships/general/leadership.html,,,,,,,,,,sitemap
Legacy Scholarship,https://www.wgu.edu/financial-aid-tuition/scholarships/general/legacy.html,,,,,,,,,,sitemap
WGU Loves Teachers Scholarship,https://www.wgu.edu/financial-aid-tuition/scholarships/general/teacher-appreciation.html,,,,,,,,,,sitemap
Master Your Future Scholarship,https://www.wgu.edu/financial-aid-tuition/scholarships/general/master-your-future.html,,,,,,,,,,sitemap
Power Your Future Scholarship,https://www.wgu.edu/financial-aid-tuition/scholarships/general/power-your-future.html,,,,,,,,,,sitemap
Health and Human Services Scholarship,https://www.wgu.edu/financial-aid-tuition/scholarships/general/health-human-services.html,,,,,,,,,,sitemap
Healthcare Quality Scholarship,https://www.wgu.edu/financial-aid-tuition/scholarships/general/healthcare-quality.html,,,,,,,,,,sitemap
Health Services Coordination Scholarship,https://www.wgu.edu/financial-aid-tuition/scholarships/general/health-services-coordination.html,,,,,,,,,,sitemap
I Have a Dream Scholarship,https://www.wgu.edu/financial-aid-tuition/scholarships/general/dream.html,,,,,,,,,,sitemap
Linda Knodel Leaders in Nursing and Health Scholarship,https://www.wgu.edu/financial-aid-tuition/scholarships/general/linda-knodel-nursing-leadership-management-msn.html,,,,,,,,,,sitemap
Learn Where You Live Scholarship,https://www.wgu.edu/financial-aid-tuition/scholarships/general/rural.html,,,,,,,,,,sitemap
Margaret McClure Scholarship,https://www.wgu.edu/financial-aid-tuition/scholarships/general/margaret-mcclure.html,,,,,,,,,,sitemap
WGU Means Business Scholarship,https://www.wgu.edu/financial-aid-tuition/scholarships/general/wgu-means-business.html,,,,,,,,,,sitemap
Moving Michigan Forward Scholarship,https://www.wgu.edu/financial-aid-tuition/scholarships/general/moving-michigan-forward.html,,,,,,,,,,sitemap
New Year Scholarship,https://www.wgu.edu/financial-aid-tuition/scholarships/general/new-year.html,,,,,,,,,,sitemap
WGU Night Shift Workers Scholarship,https://www.wgu.edu/financial-aid-tuition/scholarships/general/night-shift.html,,,,,,,,,,sitemap
Online Access Scholarship,https://www.wgu.edu/financial-aid-tuition/scholarships/general/online-access.html,,,,,,,,,,sitemap
Opportunity Grant,https://www.wgu.edu/financial-aid-tuition/scholarships/general/equitable-access.html,,,,,,,,,,sitemap
Priority Applicant Scholarship,https://www.wgu.edu/financial-aid-tuition/scholarships/general/priority-applicant.html,,,,,,,,,,sitemap
Reclaim Your Path Scholarship,https://www.wgu.edu/financial-aid-tuition/scholarships/general/reclaim-your-path.html,,,,,,,,,,sitemap
Rise Above Grant,https://www.wgu.edu/financial-aid-tuition/scholarships/general/resiliency-grant.html,,,,,,,,,,sitemap
Sage Scholarship,https://www.wgu.edu/financial-aid-tuition/scholarships/general/sage.html,,,,,,,,,,sitemap
Speed of Business Scholarship,https://www.wgu.edu/financial-aid-tuition/scholarships/general/speed-of-business-scholarship.html,,,,,,,,,,sitemap
Shaping the Future Scholarship,https://www.wgu.edu/financial-aid-tuition/scholarships/general/shaping-the-future-scholarship.html,,,,,,,,,,sitemap
WGU Tech is Everywhere Scholarship,https://www.wgu.edu/financial-aid-tuition/scholarships/general/tech-everywhere.html,,,,,,,,,,sitemap
University of You Scholarship,https://www.wgu.edu/financial-aid-tuition/scholarships/general/university-of-you-scholarship.html,,,,,,,,,,sitemap
WGU Cybersecurity Scholarship,https://www.wgu.edu/financial-aid-tuition/scholarships/general/cybersecurity.html,,,,,,,,,,sitemap
WGU Impactor Scholarship,https://www.wgu.edu/financial-aid-tuition/scholarships/general/wgu-impactor-scholarship.html,,,,,,,,,,sitemap
WGU Friends and Family Scholarship,https://www.wgu.edu/financial-aid-tuition/scholarships/general/wgu-friends-family-scholarship.html,,,,,,,,,,sitemap
Active Duty,https://www.wgu.edu/financial-aid-tuition/scholarships/military-veterans/active-duty.html,,,,,,,,,,sitemap
Military Appreciation Scholarship,https://www.wgu.edu/financial-aid-tuition/scholarships/military-veterans/military-appreciation.html,,,,,,,,,,sitemap
Guarding Our Nation Scholarship,https://www.wgu.edu/financial-aid-tuition/scholarships/military-veterans/guarding-nation.html,,,,,,,,,,sitemap
Honoring Our Heroes Scholarship,https://www.wgu.edu/financial-aid-tuition/scholarships/military-veterans/honoring-heroes.html,,,,,,,,,,sitemap
Military Spouse Scholarship,https://www.wgu.edu/financial-aid-tuition/scholarships/military-veterans/military-spouse-scholarship.html,,,,,,,,,,sitemap
Gold Star Family Scholarship,https://www.wgu.edu/financial-aid-tuition/scholarships/military-veterans/gold-star.html,,,,,,,,,,sitemap
Anniversary,https://www.wgu.edu/financial-aid-tuition/scholarships/north-carolina/anniversary.html,,,,,,,,,,sitemap
Military Service,https://www.wgu.edu/financial-aid-tuition/scholarships/north-carolina/veterans-appreciation.html,,,,,,,,,,sitemap
Teach for America - North Carolina Scholarship,https://www.wgu.edu/financial-aid-tuition/scholarships/north-carolina/teach-for-america.html,,,,,,,,,,sitemap
Cleveland Clinic Caregiver Scholarship,https://www.wgu.edu/financial-aid-tuition/scholarships/ohio/cleveland-clinic.html,,,,,,,,,,sitemap
Anniversary,https://www.wgu.edu/financial-aid-tuition/scholarships/ohio/anniversary.html,,,,,,,,,,sitemap
Teach Nevada Scholarship,https://www.wgu.edu/financial-aid-tuition/scholarships/nevada/teach-nevada.html,,,,,,,,,,sitemap
Gradulet,https://www.wgu.edu/financial-aid-tuition/scholarships/texas/gradulet.html,,,,,,,,,,sitemap
Finish to Go Further with WGU Texas Scholarship,https://www.wgu.edu/financial-aid-tuition/scholarships/texas/go-further.html,,,,,,,,,,sitemap
Houston ISD Become a Teacher Scholarship,https://www.wgu.edu/financial-aid-tuition/scholarships/texas/become-a-teacher.html,,,,,,,,,,sitemap
Trailblazer,https://www.wgu.edu/financial-aid-tuition/scholarships/texas/trailblazer.html,,,,,,,,,,sitemap
West Texas Trailblazers Scholarship,https://www.wgu.edu/financial-aid-tuition/scholarships/texas/west-texas-trailblazers.html,,,,,,,,,,sitemap
Tenn-K,https://www.wgu.edu/financial-aid-tuition/scholarships/tennessee/tenn-k.html,,,,,,,,,,sitemap
WGU Washington Community College Graduate Scholarship,https://www.wgu.edu/financial-aid-tuition/scholarships/washington/community-college-graduate.html,,,,,,,,,,sitemap
Anniversary,https://www.wgu.edu/financial-aid-tuition/scholarships/missouri/anniversary.html,,,,,,,,,,sitemap
Public Service Recognition Scholarship,https://www.wgu.edu/financial-aid-tuition/scholarships/indiana/public-service-recognition.html,,,,,,,,,,sitemap
WGU Colorado Roy Romer Opportunity Scholarship,https://www.wgu.edu/financial-aid-tuition/scholarships/colorado/roy-romer.html,,,,,,,,,,sitemap
Equitable Pathways to Health for Rural Coloradans Scholarship,https://www.wgu.edu/financial-aid-tuition/scholarships/colorado/equitable-pathways-health-rural-coloradans-scholarship.html,,,,,,,,,,sitemap
Equitable Pathways to Health for Rural Coloradans Current Student Scholarship,https://www.wgu.edu/financial-aid-tuition/scholarships/colorado/equitable-pathways-health-rural-coloradans-current-student-scholarship.html,,,,,,,,,,sitemap
WGU Arizona Partnership Scholarship,https://www.wgu.edu/financial-aid-tuition/scholarships/arizona/az-partnership.html,,,,,,,,,,sitemap
Scholarship Appeal & Extension Request,https://www.wgu.edu/financial-aid-tuition/scholarships/scholarship-appeal-and-extension-request.html,,,,,,,,,,sitemap
Maryland Rising Together Scholarship,https://www.wgu.edu/financial-aid-tuition/scholarships/maryland/maryland-rising-together-scholarship.html,,,,,,,,,,sitemap
BSCNE,https://www.wgu.edu/online-it-degrees/cloud-network-engineering-bachelors-program.html,,,,,,,,,,sitemap
General,https://www.wgu.edu/online-it-degrees/cloud-network-engineering-bachelors-program/general.html,,,,,,,,,,sitemap
Program Guide,https://www.wgu.edu/online-it-degrees/cloud-network-engineering-bachelors-program/general/program-guide.html,,,,,,,,,,sitemap
Cisco,https://www.wgu.edu/online-it-degrees/cloud-network-engineering-bachelors-program/cisco.html,,,,,,,,,,sitemap
Program Guide,https://www.wgu.edu/online-it-degrees/cloud-network-engineering-bachelors-program/cisco/program-guide.html,,,,,,,,,,sitemap
Azure,https://www.wgu.edu/online-it-degrees/cloud-network-engineering-bachelors-program/azure.html,,,,,,,,,,sitemap
Program Guide,https://www.wgu.edu/online-it-degrees/cloud-network-engineering-bachelors-program/azure/program-guide.html,,,,,,,,,,sitemap
AWS,https://www.wgu.edu/online-it-degrees/cloud-network-engineering-bachelors-program/aws.html,,,,,,,,,,sitemap
Program Guide,https://www.wgu.edu/online-it-degrees/cloud-network-engineering-bachelors-program/aws/program-guide.html,,,,,,,,,,sitemap
B.S. Computer Science Outcomes at WGU,https://www.wgu.edu/online-it-degrees/computer-science/outcomes.html,,,,,,,,,,sitemap
Program Guide,https://www.wgu.edu/online-it-degrees/computer-science/program-guide.html,,,,,,,,,,sitemap
Program Guide,https://www.wgu.edu/online-it-degrees/computer-science/accelerated/program-guide.html,,,,,,,,,,sitemap
Computing Systems,https://www.wgu.edu/online-it-degrees/computer-science-masters-program/computing-systems.html,,,,,,,,,,sitemap
Program Guide,https://www.wgu.edu/online-it-degrees/computer-science-masters-program/computing-systems/program-guide.html,,,,,,,,,,sitemap
Human-Computer Interaction,https://www.wgu.edu/online-it-degrees/computer-science-masters-program/human-computer-interaction.html,,,,,,,,,,sitemap
Program Guide,https://www.wgu.edu/online-it-degrees/computer-science-masters-program/human-computer-interaction/program-guide.html,,,,,,,,,,sitemap
Artificial Intelligence and Machine Learning,https://www.wgu.edu/online-it-degrees/computer-science-masters-program/artificial-intelligence-machine-learning.html,,,,,,,,,,sitemap
Program Guide,https://www.wgu.edu/online-it-degrees/computer-science-masters-program/artificial-intelligence-machine-learning/program-guide.html,,,,,,,,,,sitemap
CAE-CDE Program Designation,https://www.wgu.edu/online-it-degrees/cybersecurity-information-assurance-bachelors-program/cae-cde-program-designation.html,,,,,,,,,,sitemap
Program Guide,https://www.wgu.edu/online-it-degrees/cybersecurity-information-assurance-bachelors-program/program-guide.html,,,,,,,,,,sitemap
B.S. Cybersecurity and Information Assurance Outcomes at WGU,https://www.wgu.edu/online-it-degrees/cybersecurity-information-assurance-bachelors-program/outcomes.html,,,,,,,,,,sitemap
Program Guide,https://www.wgu.edu/online-it-degrees/information-technology-management-masters-program/program-guide.html,,,,,,,,,,sitemap
Program Guide,https://www.wgu.edu/online-it-degrees/software-engineering-bachelors-program/accelerated/program-guide.html,,,,,,,,,,sitemap
Program Guide - Java Track,https://www.wgu.edu/online-it-degrees/software-engineering-bachelors-program/java/program-guide-java.html,,,,,,,,,,sitemap
Program Guide - C# Track,https://www.wgu.edu/online-it-degrees/software-engineering-bachelors-program/c-sharp/program-guide-c.html,,,,,,,,,,sitemap
Program Guide,https://www.wgu.edu/online-it-degrees/data-analytics-bachelors-program/program-guide.html,,,,,,,,,,sitemap
Data Science Specialization | Data Analytics – M.S.,https://www.wgu.edu/online-it-degrees/data-analytics-masters-program/data-science.html,,,,,,,,,,sitemap
Program Guide,https://www.wgu.edu/online-it-degrees/data-analytics-masters-program/data-science/program-guide.html,,,,,,,,,,sitemap
Data Engineering Specialization | Data Analytics – M.S.,https://www.wgu.edu/online-it-degrees/data-analytics-masters-program/data-engineering.html,,,,,,,,,,sitemap
Program Guide,https://www.wgu.edu/online-it-degrees/data-analytics-masters-program/data-engineering/program-guide.html,,,,,,,,,,sitemap
Decision Process Engineering Specialization | Data Analytics – M.S.,https://www.wgu.edu/online-it-degrees/data-analytics-masters-program/decision-process-engineering.html,,,,,,,,,,sitemap
Program Guide,https://www.wgu.edu/online-it-degrees/data-analytics-masters-program/decision-process-engineering/program-guide.html,,,,,,,,,,sitemap
AI Engineering,https://www.wgu.edu/online-it-degrees/software-engineering-masters-program/ai-engineering.html,,,,,,,,,,sitemap
Program Guide,https://www.wgu.edu/online-it-degrees/software-engineering-masters-program/ai-engineering/program-guide.html,,,,,,,,,,sitemap
DevOps Engineering,https://www.wgu.edu/online-it-degrees/software-engineering-masters-program/devops-engineering.html,,,,,,,,,,sitemap
Program Guide,https://www.wgu.edu/online-it-degrees/software-engineering-masters-program/devops-engineering/program-guide.html,,,,,,,,,,sitemap
Domain Driven Design,https://www.wgu.edu/online-it-degrees/software-engineering-masters-program/domain-driven-design.html,,,,,,,,,,sitemap
Program Guide,https://www.wgu.edu/online-it-degrees/software-engineering-masters-program/domain-driven-design/program-guide.html,,,,,,,,,,sitemap
Program Guide,https://www.wgu.edu/online-it-degrees/cybersecurity-information-assurance-masters-program/program-guide.html,,,,,,,,,,sitemap
Cisco Certifications,https://www.wgu.edu/online-it-degrees/it-certifications/cisco-certifications.html,,,,,,,,,,sitemap
Amazon AWS,https://www.wgu.edu/online-it-degrees/it-certifications/amazon-aws.html,,,,,,,,,,sitemap
CompTIA Certifications,https://www.wgu.edu/online-it-degrees/it-certifications/comptia-certifications.html,,,,,,,,,,sitemap
Microsoft Certifications at WGU,https://www.wgu.edu/online-it-degrees/it-certifications/microsoft-certifications.html,,,,,,,,,,sitemap
ITIL Certifications,https://www.wgu.edu/online-it-degrees/it-certifications/itil-certifications.html,,,,,,,,,,sitemap
Linux Certifications,https://www.wgu.edu/online-it-degrees/it-certifications/linux-certifications.html,,,,,,,,,,sitemap
Udacity Data Analyst Nanodegree,https://www.wgu.edu/online-it-degrees/it-certifications/udacity.html,,,,,,,,,,sitemap
EC-Council Certifications,https://www.wgu.edu/online-it-degrees/it-certifications/ec-council-certifications.html,,,,,,,,,,sitemap
PMI Certifications,https://www.wgu.edu/online-it-degrees/it-certifications/pmi-certifications.html,,,,,,,,,,sitemap
CIW Certifications,https://www.wgu.edu/online-it-degrees/it-certifications/ciw-certifications.html,,,,,,,,,,sitemap
(ISC)2 Certifications,https://www.wgu.edu/online-it-degrees/it-certifications/isc-2-certifications.html,,,,,,,,,,sitemap
ISACA Certification,https://www.wgu.edu/online-it-degrees/it-certifications/isaca-certifications.html,,,,,,,,,,sitemap
CertiProf Design Thinking Professional Certificate,https://www.wgu.edu/online-it-degrees/it-certifications/certiprof-design-thinking.html,,,,,,,,,,sitemap
Criminal Justice at WGU,https://www.wgu.edu/online-it-degrees/criminal-justice-wgu.html,,,,,,,,,,sitemap
Engineering at WGU,https://www.wgu.edu/online-it-degrees/engineering-wgu.html,,,,,,,,,,sitemap
Online Computer Science Degree – Bachelor of Science | WGU,https://www.wgu.edu/online-it-degrees/cyber-education-center.html,,,,,,,,,,sitemap
Overview,https://www.wgu.edu/online-it-degrees/cyber-education-center/overview.html,,,,,,,,,,sitemap
Cyber Education Center Faculty,https://www.wgu.edu/online-it-degrees/cyber-education-center/faculty.html,,,,,,,,,,sitemap
News & Events,https://www.wgu.edu/online-it-degrees/cyber-education-center/news.html,,,,,,,,,,sitemap
Security Resources & Awareness,https://www.wgu.edu/online-it-degrees/cyber-education-center/security-resources.html,,,,,,,,,,sitemap
Our Programs,https://www.wgu.edu/online-it-degrees/cyber-education-center/programs.html,,,,,,,,,,sitemap
Community Outreach,https://www.wgu.edu/online-it-degrees/cyber-education-center/community-outreach.html,,,,,,,,,,sitemap
Women in Tech Club,https://www.wgu.edu/online-it-degrees/women-in-tech.html,,,,,,,,,,sitemap
Women in Tech: Membership,https://www.wgu.edu/online-it-degrees/women-in-tech/membership.html,,,,,,,,,,sitemap
Women in Tech: News and Events,https://www.wgu.edu/online-it-degrees/women-in-tech/news-events.html,,,,,,,,,,sitemap
Women in Tech: Spotlight,https://www.wgu.edu/online-it-degrees/women-in-tech/spotlight.html,,,,,,,,,,sitemap
Women in Tech: Resources,https://www.wgu.edu/online-it-degrees/women-in-tech/resources.html,,,,,,,,,,sitemap
Women in Tech: Scholarships and Grants,https://www.wgu.edu/online-it-degrees/women-in-tech/scholarships.html,,,,,,,,,,sitemap
WinTech Alumni Chapter,https://www.wgu.edu/online-it-degrees/women-in-tech/alumni-chapter.html,,,,,,,,,,sitemap
Women in Tech Alumni: News and Events,https://www.wgu.edu/online-it-degrees/women-in-tech/alumni-chapter/news-events.html,,,,,,,,,,sitemap
IT Audio Series,https://www.wgu.edu/online-it-degrees/it-audio-series.html,,,,,,,,,,sitemap
R or Python,https://www.wgu.edu/online-it-degrees/programming-languages/r-or-python.html,,,,,,,,,,sitemap
R Programming,https://www.wgu.edu/online-it-degrees/programming-languages/r-programming.html,,,,,,,,,,sitemap
Python Programming,https://www.wgu.edu/online-it-degrees/programming-languages/python-programming.html,,,,,,,,,,sitemap
Java,https://www.wgu.edu/online-it-degrees/programming-languages/java.html,,,,,,,,,,sitemap
Tableau,https://www.wgu.edu/online-it-degrees/programming-languages/tableau.html,,,,,,,,,,sitemap
C++,https://www.wgu.edu/online-it-degrees/programming-languages/c-plus-plus.html,,,,,,,,,,sitemap
C#,https://www.wgu.edu/online-it-degrees/programming-languages/c-sharp.html,,,,,,,,,,sitemap
Power BI vs. Tableau,https://www.wgu.edu/online-it-degrees/programming-languages/power-bi-vs-tableau.html,,,,,,,,,,sitemap
Power BI,https://www.wgu.edu/online-it-degrees/programming-languages/power-bi.html,,,,,,,,,,sitemap
Java vs C#,https://www.wgu.edu/online-it-degrees/programming-languages/java-vs-c-sharp.html,,,,,,,,,,sitemap
Certificates,https://www.wgu.edu/online-it-degrees/certificates.html,,,,,,,,,,sitemap
Web Application Deployment and Support Certificate,https://www.wgu.edu/online-it-degrees/certificates/web-application-deployment-support.html,,,,,,,,,,sitemap
Back End Web Development Certificate,https://www.wgu.edu/online-it-degrees/certificates/back-end-web-development.html,,,,,,,,,,sitemap
Criminology at WGU,https://www.wgu.edu/online-it-degrees/criminology-wgu.html,,,,,,,,,,sitemap
Program Guide,https://www.wgu.edu/online-it-degrees/information-technology-bachelors-program/accelerated/program-guide.html,,,,,,,,,,sitemap
Program Guide,https://www.wgu.edu/online-it-degrees/information-technology-bachelors-program/program-guide.html,,,,,,,,,,sitemap
MSIT Redev,https://www.wgu.edu/online-it-degrees/information-technology-masters-program.html,,,,,,,,,,sitemap
Program Guide,https://www.wgu.edu/online-it-degrees/information-technology-masters-program/product-management/program-guide.html,,,,,,,,,,sitemap
Program Guide,https://www.wgu.edu/online-it-degrees/information-technology-masters-program/program-guide.html,,,,,,,,,,sitemap
Bachelor's Programs,https://www.wgu.edu/online-business-degrees/bachelors-programs.html,,,,,,,,,,sitemap
Ranking,https://www.wgu.edu/online-business-degrees/business-management-bachelors-program/ranking.html,,,,,,,,,,sitemap
Program Guide,https://www.wgu.edu/online-business-degrees/business-management-bachelors-program/program-guide.html,,,,,,,,,,sitemap
Healthcare Management – B.S. Business,https://www.wgu.edu/online-business-degrees/healthcare-management-bachelors-program.html,,,,,,,,,,sitemap
Program Guide,https://www.wgu.edu/online-business-degrees/healthcare-management-bachelors-program/program-guide.html,,,,,,,,,,sitemap
HRCI PHR Certification,https://www.wgu.edu/online-business-degrees/human-resources-bachelors-program/hrci-phr-certification.html,,,,,,,,,,sitemap
SHRM-CP Certification,https://www.wgu.edu/online-business-degrees/human-resources-bachelors-program/shrm-cp-certification.html,,,,,,,,,,sitemap
Program Guide,https://www.wgu.edu/online-business-degrees/human-resources-bachelors-program/program-guide.html,,,,,,,,,,sitemap
Program Guide,https://www.wgu.edu/online-business-degrees/it-information-technology-management-bachelors-program/program-guide.html,,,,,,,,,,sitemap
NBMBAA Virtual Club,https://www.wgu.edu/online-business-degrees/mba-masters-business-administration-program/nbmbaa-virtual-club.html,,,,,,,,,,sitemap
What is an MBA?,https://www.wgu.edu/online-business-degrees/mba-masters-business-administration-program/what-is-mba.html,,,,,,,,,,sitemap
One-Year MBA,https://www.wgu.edu/online-business-degrees/mba-masters-business-administration-program/one-year-mba.html,,,,,,,,,,sitemap
Program Guide,https://www.wgu.edu/online-business-degrees/mba-masters-business-administration-program/program-guide.html,,,,,,,,,,sitemap
Program Guide,https://www.wgu.edu/online-business-degrees/mba-masters-business-administration-it-management-program/program-guide.html,,,,,,,,,,sitemap
Program Guide,https://www.wgu.edu/online-business-degrees/mba-masters-business-administration-healthcare-administration-program/program-guide.html,,,,,,,,,,sitemap
One-Year Master in Leadership,https://www.wgu.edu/online-business-degrees/management-leadership-masters-program/one-year-master-leadership.html,,,,,,,,,,sitemap
Program Guide,https://www.wgu.edu/online-business-degrees/management-leadership-masters-program/program-guide.html,,,,,,,,,,sitemap
Ranking,https://www.wgu.edu/online-business-degrees/accounting-bachelors-program/ranking.html,,,,,,,,,,sitemap
What is Accounting?,https://www.wgu.edu/online-business-degrees/accounting-bachelors-program/what-is-accounting.html,,,,,,,,,,sitemap
Program Guide,https://www.wgu.edu/online-business-degrees/accounting-bachelors-program/program-guide.html,,,,,,,,,,sitemap
Ranking,https://www.wgu.edu/online-business-degrees/marketing-bachelors-program/ranking.html,,,,,,,,,,sitemap
Program Guide,https://www.wgu.edu/online-business-degrees/marketing-bachelors-program/program-guide.html,,,,,,,,,,sitemap
AMA,https://www.wgu.edu/online-business-degrees/marketing-bachelors-program/ama.html,,,,,,,,,,sitemap
Finance at WGU,https://www.wgu.edu/online-business-degrees/finance-wgu.html,,,,,,,,,,sitemap
Cosmetology at WGU,https://www.wgu.edu/online-business-degrees/cosmetology-wgu.html,,,,,,,,,,sitemap
Project Management at WGU,https://www.wgu.edu/online-business-degrees/project-management-wgu.html,,,,,,,,,,sitemap
Art at WGU,https://www.wgu.edu/online-business-degrees/art-wgu.html,,,,,,,,,,sitemap
Real Estate at WGU,https://www.wgu.edu/online-business-degrees/real-estate-wgu.html,,,,,,,,,,sitemap
Construction Management at WGU,https://www.wgu.edu/online-business-degrees/construction-management-wgu.html,,,,,,,,,,sitemap
Music at WGU,https://www.wgu.edu/online-business-degrees/music-wgu.html,,,,,,,,,,sitemap
Communications at WGU,https://www.wgu.edu/online-business-degrees/communications-wgu.html,,,,,,,,,,sitemap
Public Administration at WGU,https://www.wgu.edu/online-business-degrees/public-administration-wgu.html,,,,,,,,,,sitemap
Economics at WGU,https://www.wgu.edu/online-business-degrees/economics-wgu.html,,,,,,,,,,sitemap
Entrepreneurship at WGU,https://www.wgu.edu/online-business-degrees/entrepreneurship-wgu.html,,,,,,,,,,sitemap
Business Analytics at WGU,https://www.wgu.edu/online-business-degrees/business-analytics-wgu.html,,,,,,,,,,sitemap
Mathematics at WGU,https://www.wgu.edu/online-business-degrees/mathematics-wgu.html,,,,,,,,,,sitemap
Political Science at WGU,https://www.wgu.edu/online-business-degrees/political-science-wgu.html,,,,,,,,,,sitemap
Organizational Leadership at WGU,https://www.wgu.edu/online-business-degrees/organizational-leadership-wgu.html,,,,,,,,,,sitemap
Sociology at WGU,https://www.wgu.edu/online-business-degrees/sociology-wgu.html,,,,,,,,,,sitemap
Advertising Jobs with a Degree from WGU,https://www.wgu.edu/online-business-degrees/advertising-wgu.html,,,,,,,,,,sitemap
ACBSP Accreditation for WGU School of Business,https://www.wgu.edu/online-business-degrees/successful-student-learning-outcomes.html,,,,,,,,,,sitemap
Digital Marketing – M.S.,https://www.wgu.edu/online-business-degrees/marketing-masters-program/digital-marketing.html,,,,,,,,,,sitemap
Program Guide,https://www.wgu.edu/online-business-degrees/marketing-masters-program/digital-marketing/program-guide.html,,,,,,,,,,sitemap
Marketing Analytics – M.S.,https://www.wgu.edu/online-business-degrees/marketing-masters-program/marketing-analytics.html,,,,,,,,,,sitemap
Program Guide,https://www.wgu.edu/online-business-degrees/marketing-masters-program/marketing-analytics/program-guide.html,,,,,,,,,,sitemap
Pre-Law at WGU,https://www.wgu.edu/online-business-degrees/pre-law-wgu.html,,,,,,,,,,sitemap
Business Licensure Information by State,https://www.wgu.edu/online-business-degrees/state-licensure.html,,,,,,,,,,sitemap
Program Guide,https://www.wgu.edu/online-business-degrees/finance-bachelors-program/program-guide.html,,,,,,,,,,sitemap
Anthropology at WGU,https://www.wgu.edu/online-business-degrees/anthropology-wgu.html,,,,,,,,,,sitemap
Program Guide,https://www.wgu.edu/online-business-degrees/supply-chain-operations-management-bachelors-program/program-guide.html,,,,,,,,,,sitemap
Sports Management at WGU,https://www.wgu.edu/online-business-degrees/sports-management-wgu.html,,,,,,,,,,sitemap
Writing Degree at WGU,https://www.wgu.edu/online-business-degrees/writing-degree-wgu.html,,,,,,,,,,sitemap
Digital Marketing and E-Commerce Certificate,https://www.wgu.edu/online-business-degrees/certificates/digital-marketing-ecommerce.html,,,,,,,,,,sitemap
Liberal Arts at WGU,https://www.wgu.edu/online-business-degrees/liberal-arts-wgu.html,,,,,,,,,,sitemap
Program Guide,https://www.wgu.edu/online-business-degrees/healthcare-administration-bachelors-program/program-guide.html,,,,,,,,,,sitemap
Program Guide,https://www.wgu.edu/online-business-degrees/human-resources-masters-program/program-guide.html,,,,,,,,,,sitemap
Program Guide,https://www.wgu.edu/online-business-degrees/communications-bachelors-program/program-guide.html,,,,,,,,,,sitemap
Program Guide,https://www.wgu.edu/online-business-degrees/user-experience-design-bachelors-program/program-guide.html,,,,,,,,,,sitemap
Program Guide,https://www.wgu.edu/online-business-degrees/accounting-masters-program/program-guide.html,,,,,,,,,,sitemap
IMA Student Chapter,https://www.wgu.edu/online-business-degrees/accounting-masters-program/ima.html,,,,,,,,,,sitemap
CPA Certification,https://www.wgu.edu/online-business-degrees/accounting-masters-program/cpa-certification.html,,,,,,,,,,sitemap
Auditing Specialization | Master of Accounting,https://www.wgu.edu/online-business-degrees/accounting-masters-program/auditing.html,,,,,,,,,,sitemap
Program Guide,https://www.wgu.edu/online-business-degrees/accounting-masters-program/auditing/program-guide.html,,,,,,,,,,sitemap
Taxation Specialization | Master of Accounting,https://www.wgu.edu/online-business-degrees/accounting-masters-program/taxation.html,,,,,,,,,,sitemap
Program Guide,https://www.wgu.edu/online-business-degrees/accounting-masters-program/taxation/program-guide.html,,,,,,,,,,sitemap
Management Accounting Specialization | Master of Accounting,https://www.wgu.edu/online-business-degrees/accounting-masters-program/management-accounting.html,,,,,,,,,,sitemap
Program Guide,https://www.wgu.edu/online-business-degrees/accounting-masters-program/management-accounting/program-guide.html,,,,,,,,,,sitemap
Financial Reporting Specialization | Master of Accounting,https://www.wgu.edu/online-business-degrees/accounting-masters-program/financial-reporting.html,,,,,,,,,,sitemap
Program Guide,https://www.wgu.edu/online-business-degrees/accounting-masters-program/financial-reporting/program-guide.html,,,,,,,,,,sitemap
Chiropractor at WGU,https://www.wgu.edu/online-nursing-health-degrees/chiropractor-wgu.html,,,,,,,,,,sitemap
PMHNP Placement,https://www.wgu.edu/online-nursing-health-degrees/clinical-experience/pmhnp.html,,,,,,,,,,sitemap
FNP Placement,https://www.wgu.edu/online-nursing-health-degrees/clinical-experience/fnp.html,,,,,,,,,,sitemap
FNP Preceptor,https://www.wgu.edu/online-nursing-health-degrees/clinical-experience/fnp-preceptor.html,,,,,,,,,,sitemap
PMHNP Preceptor,https://www.wgu.edu/online-nursing-health-degrees/clinical-experience/pmhnp-preceptor.html,,,,,,,,,,sitemap
Counseling at WGU,https://www.wgu.edu/online-nursing-health-degrees/counseling-wgu.html,,,,,,,,,,sitemap
Program Guide,https://www.wgu.edu/online-nursing-health-degrees/family-nurse-practitioner-masters/program-guide.html,,,,,,,,,,sitemap
RHIA Certification,https://www.wgu.edu/online-nursing-health-degrees/health-information-management-bachelors-program/rhia-certification.html,,,,,,,,,,sitemap
CAHIIM Accreditation,https://www.wgu.edu/online-nursing-health-degrees/health-information-management-bachelors-program/cahiim-accreditation.html,,,,,,,,,,sitemap
Program Guide,https://www.wgu.edu/online-nursing-health-degrees/health-information-management-bachelors-program/program-guide.html,,,,,,,,,,sitemap
Program Guide,https://www.wgu.edu/online-nursing-health-degrees/health-science-bachelors-program/program-guide.html,,,,,,,,,,sitemap
One-Year MHA,https://www.wgu.edu/online-nursing-health-degrees/masters-healthcare-administration-leadership/one-year-mha.html,,,,,,,,,,sitemap
Program Guide,https://www.wgu.edu/online-nursing-health-degrees/masters-healthcare-administration-leadership/program-guide.html,,,,,,,,,,sitemap
Health Master's Degrees,https://www.wgu.edu/online-nursing-health-degrees/health-masters-degrees.html,,,,,,,,,,sitemap
Program Guide,https://www.wgu.edu/online-nursing-health-degrees/health-human-services/program-guide.html,,,,,,,,,,sitemap
Interprofessional Communication and Leadership In Healthcare,https://www.wgu.edu/online-nursing-health-degrees/leadership-communication-healthcare-course.html,,,,,,,,,,sitemap
LPN/LVN Guide at WGU,https://www.wgu.edu/online-nursing-health-degrees/lpn-lvn-guide-wgu.html,,,,,,,,,,sitemap
Medical Assistant at WGU,https://www.wgu.edu/online-nursing-health-degrees/medical-assistant-wgu.html,,,,,,,,,,sitemap
Medical Coding at WGU,https://www.wgu.edu/online-nursing-health-degrees/medical-coding-wgu.html,,,,,,,,,,sitemap
MSN Degrees,https://www.wgu.edu/online-nursing-health-degrees/msn-degrees.html,,,,,,,,,,sitemap
Program Guide,https://www.wgu.edu/online-nursing-health-degrees/bsn-to-msn-nursing-education-masters-program/program-guide.html,,,,,,,,,,sitemap
Program Guide,https://www.wgu.edu/online-nursing-health-degrees/nursing-education-rn-to-msn-masters-program/program-guide.html,,,,,,,,,,sitemap
Program Guide,https://www.wgu.edu/online-nursing-health-degrees/nursing-informatics-bsn-to-msn-masters-program/program-guide.html,,,,,,,,,,sitemap
Program Guide,https://www.wgu.edu/online-nursing-health-degrees/nursing-informatics-rn-to-msn-masters-program/program-guide.html,,,,,,,,,,sitemap
Program Guide,https://www.wgu.edu/online-nursing-health-degrees/bsn-to-msn-nursing-leadership-management-masters-program/program-guide.html,,,,,,,,,,sitemap
Program Guide,https://www.wgu.edu/online-nursing-health-degrees/rn-to-msn-nursing-leadership-management-masters-program/program-guide.html,,,,,,,,,,sitemap
RN vs. BSN: What's The Difference?,https://www.wgu.edu/online-nursing-health-degrees/rn-prelicensure-nursing-bachelors-program/rn-bsn-difference.html,,,,,,,,,,sitemap
Program Guide,https://www.wgu.edu/online-nursing-health-degrees/rn-prelicensure-nursing-bachelors-program/program-guide.html,,,,,,,,,,sitemap
Nutritionist/Dietician at WGU,https://www.wgu.edu/online-nursing-health-degrees/nutritionist-dietician-wgu.html,,,,,,,,,,sitemap
NCLEX-RN Exam,https://www.wgu.edu/online-nursing-health-degrees/rn-to-bsn-nursing-bachelors-program/nclex-rn-exam.html,,,,,,,,,,sitemap
AACN Nursing Certification Essentials at WGU,https://www.wgu.edu/online-nursing-health-degrees/rn-to-bsn-nursing-bachelors-program/aacn.html,,,,,,,,,,sitemap
Ranking,https://www.wgu.edu/online-nursing-health-degrees/rn-to-bsn-nursing-bachelors-program/ranking.html,,,,,,,,,,sitemap
Program Guide,https://www.wgu.edu/online-nursing-health-degrees/rn-to-bsn-nursing-bachelors-program/program-guide.html,,,,,,,,,,sitemap
Phlebotomy at WGU,https://www.wgu.edu/online-nursing-health-degrees/phlebotomy-wgu.html,,,,,,,,,,sitemap
Post-Master's Certificates in Nursing,https://www.wgu.edu/online-nursing-health-degrees/post-masters-nursing-certificate.html,,,,,,,,,,sitemap
Program Guide,https://www.wgu.edu/online-nursing-health-degrees/post-masters-nursing-certificate/education/program-guide.html,,,,,,,,,,sitemap
Program Guide,https://www.wgu.edu/online-nursing-health-degrees/post-masters-nursing-certificate/leadership-management/program-guide.html,,,,,,,,,,sitemap
Program Guide,https://www.wgu.edu/online-nursing-health-degrees/post-masters-nursing-certificate/family-nurse-practitioner/program-guide.html,,,,,,,,,,sitemap
Program Guide,https://www.wgu.edu/online-nursing-health-degrees/post-masters-nursing-certificate/psychiatric-mental-health-nurse-practitioner/program-guide.html,,,,,,,,,,sitemap
Program Guide,https://www.wgu.edu/online-nursing-health-degrees/psychiatric-mental-health-nurse-practitioner-masters-program/program-guide.html,,,,,,,,,,sitemap
Program Guide,https://www.wgu.edu/online-nursing-health-degrees/psychology-bachelors-program/program-guide.html,,,,,,,,,,sitemap
Public Health at WGU,https://www.wgu.edu/online-nursing-health-degrees/public-health-wgu.html,,,,,,,,,,sitemap
Program Guide,https://www.wgu.edu/online-nursing-health-degrees/public-health-bachelors-program/program-guide.html,,,,,,,,,,sitemap
Program Guide,https://www.wgu.edu/online-nursing-health-degrees/public-health-masters-program/program-guide.html,,,,,,,,,,sitemap
Radiology at WGU,https://www.wgu.edu/online-nursing-health-degrees/radiology-wgu.html,,,,,,,,,,sitemap
RN to MSN,https://www.wgu.edu/online-nursing-health-degrees/rn-to-msn.html,,,,,,,,,,sitemap
Social Work at WGU,https://www.wgu.edu/online-nursing-health-degrees/social-work-wgu.html,,,,,,,,,,sitemap
REDIRECTED Psychology at WGU,https://www.wgu.edu/online-nursing-health-degrees/psychology-wgu.html,,,,,,,,,,sitemap
Master of Arts in Education,https://www.wgu.edu/online-teaching-degrees/master-arts-education.html,,,,,,,,,,sitemap
Master of Science in Education,https://www.wgu.edu/online-teaching-degrees/master-science-education.html,,,,,,,,,,sitemap
Master of Arts in Teaching,https://www.wgu.edu/online-teaching-degrees/master-arts-teaching.html,,,,,,,,,,sitemap
Program Guide,https://www.wgu.edu/online-teaching-degrees/biology-education-masters-program/ma/program-guide.html,,,,,,,,,,sitemap
Program Guide,https://www.wgu.edu/online-teaching-degrees/biology-education-masters-program/mat/program-guide.html,,,,,,,,,,sitemap
Program Guide,https://www.wgu.edu/online-teaching-degrees/biology-education-bachelors-program/program-guide.html,,,,,,,,,,sitemap
Program Guide,https://www.wgu.edu/online-teaching-degrees/elementary-education-bachelors-program/ba/program-guide.html,,,,,,,,,,sitemap
Program Guide,https://www.wgu.edu/online-teaching-degrees/elementary-education-masters-program/program-guide.html,,,,,,,,,,sitemap
Program Guide,https://www.wgu.edu/online-teaching-degrees/special-education-masters-program/program-guide.html,,,,,,,,,,sitemap
Program Guide,https://www.wgu.edu/online-teaching-degrees/special-education-bachelors-program/dual-elementary-special-education/program-guide.html,,,,,,,,,,sitemap
Program Guide,https://www.wgu.edu/online-teaching-degrees/special-education-bachelors-program/mild-moderate/program-guide.html,,,,,,,,,,sitemap
Program Guide,https://www.wgu.edu/online-teaching-degrees/chemistry-education-masters-program/mat/program-guide.html,,,,,,,,,,sitemap
Program Guide,https://www.wgu.edu/online-teaching-degrees/chemistry-education-masters-program/ma/program-guide.html,,,,,,,,,,sitemap
Program Guide,https://www.wgu.edu/online-teaching-degrees/chemistry-education-bachelors-program/program-guide.html,,,,,,,,,,sitemap
Program Guide,https://www.wgu.edu/online-teaching-degrees/earth-science-education-masters-program/mat/program-guide.html,,,,,,,,,,sitemap
Program Guide,https://www.wgu.edu/online-teaching-degrees/earth-science-education-masters-program/ma/program-guide.html,,,,,,,,,,sitemap
Program Guide,https://www.wgu.edu/online-teaching-degrees/earthscience-education-bachelors-program/program-guide.html,,,,,,,,,,sitemap
Program Guide,https://www.wgu.edu/online-teaching-degrees/physics-education-masters-program/mat/program-guide.html,,,,,,,,,,sitemap
Program Guide,https://www.wgu.edu/online-teaching-degrees/physics-education-masters-program/ma/program-guide.html,,,,,,,,,,sitemap
Program Guide,https://www.wgu.edu/online-teaching-degrees/physics-education-bachelors-program/program-guide.html,,,,,,,,,,sitemap
Program Guide,https://www.wgu.edu/online-teaching-degrees/science-education-masters-program/program-guide.html,,,,,,,,,,sitemap
Program Guide,https://www.wgu.edu/online-teaching-degrees/ell-esl-english-language-learning-education-masters-program/program-guide.html,,,,,,,,,,sitemap
Program Guide,https://www.wgu.edu/online-teaching-degrees/english-education-masters-program/program-guide.html,,,,,,,,,,sitemap
Program Guide,https://www.wgu.edu/online-teaching-degrees/mathematics-education-masters-program/mat/program-guide.html,,,,,,,,,,sitemap
Mathematics Education (K-6) – M.A.,https://www.wgu.edu/online-teaching-degrees/mathematics-education-masters-program/k-6.html,,,,,,,,,,sitemap
Program Guide,https://www.wgu.edu/online-teaching-degrees/mathematics-education-masters-program/k-6/program-guide.html,,,,,,,,,,sitemap
Mathematics Education (Secondary) – M.A.,https://www.wgu.edu/online-teaching-degrees/mathematics-education-masters-program/ma.html,,,,,,,,,,sitemap
Program Guide,https://www.wgu.edu/online-teaching-degrees/mathematics-education-masters-program/ma/program-guide.html,,,,,,,,,,sitemap
Mathematics Education (Middle Grades) – M.A.,https://www.wgu.edu/online-teaching-degrees/mathematics-education-masters-program/middle-grades.html,,,,,,,,,,sitemap
Program Guide,https://www.wgu.edu/online-teaching-degrees/mathematics-education-masters-program/middle-grades/program-guide.html,,,,,,,,,,sitemap
Program Guide,https://www.wgu.edu/online-teaching-degrees/mathematics-teacher-certification-secondary-bachelors-program/program-guide.html,,,,,,,,,,sitemap
BAES - Elementary Education Program Guide,https://www.wgu.edu/online-teaching-degrees/educational-studies-bachelors-program/program-guide-baeseled.html,,,,,,,,,,sitemap
BAES - Science Education (Secondary Biology),https://www.wgu.edu/online-teaching-degrees/educational-studies-bachelors-program/program-guide-baessesb.html,,,,,,,,,,sitemap
BAES - Science Education (Secondary Physics),https://www.wgu.edu/online-teaching-degrees/educational-studies-bachelors-program/program-guide-baessesp.html,,,,,,,,,,sitemap
BAES - Elementary & Special Education Program Guide,https://www.wgu.edu/online-teaching-degrees/educational-studies-bachelors-program/program-guide-baesspee.html,,,,,,,,,,sitemap
BAES - Science Education (Secondary Chemistry),https://www.wgu.edu/online-teaching-degrees/educational-studies-bachelors-program/program-guide-baessesc.html,,,,,,,,,,sitemap
BAES - Special Education (Mild to Moderate) Program Guide,https://www.wgu.edu/online-teaching-degrees/educational-studies-bachelors-program/program-guide-baesspmm.html,,,,,,,,,,sitemap
BAES - Science Education (Secondary Earth Science),https://www.wgu.edu/online-teaching-degrees/educational-studies-bachelors-program/program-guide-baessese.html,,,,,,,,,,sitemap
BAES - Secondary Math Education,https://www.wgu.edu/online-teaching-degrees/educational-studies-bachelors-program/program-guide-baesmes.html,,,,,,,,,,sitemap
Program Guide,https://www.wgu.edu/online-teaching-degrees/education-technology-instructional-design-masters/program-guide.html,,,,,,,,,,sitemap
Program Guide,https://www.wgu.edu/online-teaching-degrees/curriculum-instruction-education-masters-program/program-guide.html,,,,,,,,,,sitemap
Program Guide,https://www.wgu.edu/online-teaching-degrees/educational-leadership-masters-program/program-guide.html,,,,,,,,,,sitemap
Program Guide,https://www.wgu.edu/online-teaching-degrees/social-studies-masters-program/program-guide.html,,,,,,,,,,sitemap
Teacher Licensure Programs,https://www.wgu.edu/online-teaching-degrees/teacher-licensure-programs.html,,,,,,,,,,sitemap
Teachers Learning Results (CAEP),https://www.wgu.edu/online-teaching-degrees/successful-student-learning-outcomes.html,,,,,,,,,,sitemap
Educational Technology at WGU,https://www.wgu.edu/online-teaching-degrees/educational-technology-wgu.html,,,,,,,,,,sitemap
Instructional Design at WGU,https://www.wgu.edu/online-teaching-degrees/instructional-design-wgu.html,,,,,,,,,,sitemap
Early Childhood Education at WGU,https://www.wgu.edu/online-teaching-degrees/early-childhood-education-wgu.html,,,,,,,,,,sitemap
History Teacher Degree at WGU,https://www.wgu.edu/online-teaching-degrees/history-teacher-wgu.html,,,,,,,,,,sitemap
Praxis Exam,https://www.wgu.edu/online-teaching-degrees/praxis-exam.html,,,,,,,,,,sitemap
Program Guide,https://www.wgu.edu/online-teaching-degrees/endorsements/ell-esl-english-language-learning/program-guide.html,,,,,,,,,,sitemap
Program Guide,https://www.wgu.edu/online-teaching-degrees/endorsements/secondary-biology/program-guide.html,,,,,,,,,,sitemap
Program Guide,https://www.wgu.edu/online-teaching-degrees/endorsements/secondary-chemistry/program-guide.html,,,,,,,,,,sitemap
Program Guide,https://www.wgu.edu/online-teaching-degrees/endorsements/secondary-physics/program-guide.html,,,,,,,,,,sitemap
Program Guide,https://www.wgu.edu/online-teaching-degrees/endorsements/secondary-earth-science/program-guide.html,,,,,,,,,,sitemap
Program Guide,https://www.wgu.edu/online-teaching-degrees/endorsements/middle-grades-science/program-guide.html,,,,,,,,,,sitemap
Program Guide,https://www.wgu.edu/online-teaching-degrees/endorsements/middle-grades-math/program-guide.html,,,,,,,,,,sitemap
Early Childhood Education Endorsement Program,https://www.wgu.edu/online-teaching-degrees/endorsements/early-childhood-education.html,,,,,,,,,,sitemap
Program Guide,https://www.wgu.edu/online-teaching-degrees/endorsements/early-childhood-education/program-guide.html,,,,,,,,,,sitemap
Our Students,https://www.wgu.edu/about/students.html,,,,,,,,,,sitemap
WGU's Story,https://www.wgu.edu/about/story.html,,,,,,,,,,sitemap
Advancing Equity,https://www.wgu.edu/about/story/equity.html,,,,,,,,,,sitemap
Advance Equity Speaker Series,https://www.wgu.edu/about/story/equity/advance-equity.html,,,,,,,,,,sitemap
Competency-Based Education,https://www.wgu.edu/about/story/cbe.html,,,,,,,,,,sitemap
Resources for Developing CBE Programs,https://www.wgu.edu/about/story/cbe/what-is-cbe.html,,,,,,,,,,sitemap
A Guide For Implementing a CBE Program,https://www.wgu.edu/about/story/cbe/implementation.html,,,,,,,,,,sitemap
Advancement,https://www.wgu.edu/about/governance/advancement.html,,,,,,,,,,sitemap
